覆盖名,IP类型,运营商,可用cache组
1a92,0,dx,dx-zhejiang-jiaxing-10-cache-4
1a92,0,dx,dx-hubei-xiangyang-12-cache-1
1a92,0,dx,dx-guangdong-foshan-20-cache-3
1a92,0,dx,dx-yunnan-kunming-12-cache-1
1a92,0,dx,dx-shandong-qingdao-9-cache-11
1a92,0,dx,dx-qinghai-haidong-1-cache-2
1a92,0,dx,dx-guizhou-guiyang-10-cache-6
1a92,0,dx,dx-sichuan-chengdu-30-cache-2
1a92,0,dx,dx-ningxia-zhongwei-3-cache-2
1a92,0,dx,dx-ningxia-zhongwei-3-cache-1
1a92,0,dx,dx-neimenggu-huhehaote-9-cache-5
1a92,0,dx,dx-guizhou-guiyang-10-cache-5
1a92,0,dx,dx-qinghai-xining-9-cache-2
1a92,0,dx,dx-hunan-xiangxizizhizhou-1-cache-1
1a92,0,dx,dx-jiangsu-yancheng-28-cache-2
1a92,0,dx,dx-hubei-shiyan-5-cache-1
1a92,0,dx,dx-neimenggu-huhehaote-9-cache-2
1a92,0,dx,dx-hunan-changsha-13-cache-2
1a92,0,dx,dx-hunan-xiangxizizhizhou-1-cache-3
1a92,0,dx,dx-neimenggu-huhehaote-9-cache-1
1a92,0,dx,dx-sichuan-chengdu-30-cache-1
1a92,0,dx,dx-tianjin-tianjin-26-cache-1
1a92,0,dx,dx-guangdong-foshan-22-cache-2
1a92,0,dx,dx-sichuan-yibin-3-cache-2
1a92,0,dx,dx-guizhou-guiyang-10-cache-2
1a92,0,dx,dx-anhui-hefei-1-cache-1
1a92,0,dx,dx-gansu-lanzhou-24-cache-1
1a92,0,dx,dx-guangdong-foshan-20-cache-2
1a92,0,dx,dx-tianjin-tianjin-15-cache-2
1a92,0,dx,dx-jiangsu-lianyungang-5-cache-5
1a92,0,dx,dx-jiangsu-yancheng-24-cache-2
1a92,1,dx,dx-zhejiang-jiaxing-10-cache-4
1a92,1,dx,dx-jiangsu-taizhou-16-cache-2
1a92,1,dx,dx-jiangsu-yancheng-28-cache-2
1a92,1,dx,dx-hubei-xiangyang-13-cache-2
1a92,1,dx,dx-hubei-shiyan-5-cache-1
b489,0,dx,dx-zhejiang-jiaxing-10-cache-4
b489,0,dx,dx-jiangsu-lianyungang-5-cache-4
b489,0,dx,dx-hubei-xiangyang-12-cache-1
b489,0,dx,dx-guizhou-guiyang-15-cache-1
b489,0,dx,dx-yunnan-kunming-12-cache-2
b489,0,dx,dx-hunan-xiangxizizhizhou-1-cache-2
b489,0,dx,dx-yunnan-kunming-12-cache-1
b489,0,dx,dx-shandong-qingdao-9-cache-11
b489,0,dx,dx-qinghai-haidong-1-cache-2
b489,0,dx,dx-tianjin-tianjin-26-cache-2
b489,0,dx,dx-guizhou-guiyang-10-cache-6
b489,0,dx,dx-sichuan-chengdu-30-cache-2
b489,0,dx,dx-sichuan-yibin-3-cache-1
b489,0,dx,dx-jiangsu-yancheng-24-cache-1
b489,0,dx,dx-shanghai-shanghai-15-cache-1
b489,0,dx,dx-sichuan-chengdu-29-cache-2
b489,0,dx,dx-jiangsu-lianyungang-5-cache-6
b489,0,dx,dx-ningxia-zhongwei-3-cache-2
b489,0,dx,dx-yunnan-kunming-12-cache-3
b489,0,dx,dx-jiangsu-lianyungang-5-cache-2
b489,0,dx,dx-hubei-xiangyang-13-cache-2
b489,0,dx,dx-ningxia-zhongwei-3-cache-1
b489,0,dx,dx-guangdong-foshan-22-cache-1
b489,0,dx,dx-zhejiang-jiaxing-10-cache-3
b489,0,dx,dx-sichuan-chengdu-29-cache-1
b489,0,dx,dx-neimenggu-huhehaote-9-cache-5
b489,0,dx,dx-qinghai-xining-9-cache-2
b489,0,dx,dx-hunan-xiangxizizhizhou-1-cache-1
b489,0,dx,dx-jiangsu-taizhou-16-cache-1
b489,0,dx,dx-jiangsu-yancheng-28-cache-2
b489,0,dx,dx-hubei-shiyan-5-cache-1
b489,0,dx,dx-neimenggu-huhehaote-9-cache-2
b489,0,dx,dx-qinghai-xining-9-cache-1
b489,0,dx,dx-hunan-xiangxizizhizhou-1-cache-3
b489,0,dx,dx-hunan-changsha-13-cache-2
b489,0,dx,dx-hubei-xiangyang-13-cache-3
b489,0,dx,dx-guizhou-guiyang-10-cache-4
b489,0,dx,dx-guangxi-nanning-15-cache-2
b489,0,dx,dx-neimenggu-huhehaote-9-cache-1
b489,0,dx,dx-hunan-changsha-13-cache-3
b489,0,dx,dx-zhejiang-jiaxing-10-cache-1
b489,0,dx,dx-hunan-changsha-13-cache-1
b489,0,dx,dx-yunnan-kunming-12-cache-4
b489,0,dx,dx-jiangsu-taizhou-16-cache-2
b489,0,dx,dx-sichuan-chengdu-30-cache-1
b489,0,dx,dx-tianjin-tianjin-26-cache-1
b489,0,dx,dx-jiangsu-lianyungang-5-cache-1
b489,0,dx,dx-guangdong-foshan-22-cache-2
b489,0,dx,dx-guizhou-guiyang-10-cache-2
b489,0,dx,dx-anhui-hefei-1-cache-1
b489,0,dx,dx-gansu-lanzhou-24-cache-1
b489,0,dx,dx-qinghai-haidong-1-cache-1
b489,0,dx,dx-tianjin-tianjin-15-cache-2
b489,0,dx,dx-guangxi-nanning-15-cache-1
b489,0,dx,dx-jiangsu-yancheng-24-cache-2
b489,0,dx,dx-zhejiang-jiaxing-11-cache-2
b489,1,dx,dx-zhejiang-jiaxing-10-cache-4
b489,1,dx,dx-jiangsu-lianyungang-5-cache-4
b489,1,dx,dx-hubei-xiangyang-12-cache-1
b489,1,dx,dx-yunnan-kunming-12-cache-2
b489,1,dx,dx-guangdong-foshan-20-cache-3
b489,1,dx,dx-hunan-xiangxizizhizhou-1-cache-2
b489,1,dx,dx-yunnan-kunming-12-cache-1
b489,1,dx,dx-qinghai-haidong-1-cache-2
b489,1,dx,dx-shan3xi-baoji-12-cache-1
b489,1,dx,dx-tianjin-tianjin-26-cache-2
b489,1,dx,dx-jiangsu-yancheng-24-cache-1
b489,1,dx,dx-sichuan-yibin-3-cache-1
b489,1,dx,dx-yunnan-kunming-12-cache-3
b489,1,dx,dx-ningxia-zhongwei-3-cache-2
b489,1,dx,dx-jiangsu-lianyungang-5-cache-2
b489,1,dx,dx-ningxia-zhongwei-3-cache-1
b489,1,dx,dx-hubei-xiangyang-13-cache-2
b489,1,dx,dx-jiangsu-yancheng-28-cache-1
b489,1,dx,dx-zhejiang-jiaxing-10-cache-3
b489,1,dx,dx-neimenggu-huhehaote-9-cache-5
b489,1,dx,dx-qinghai-xining-9-cache-2
b489,1,dx,dx-jiangsu-taizhou-16-cache-1
b489,1,dx,dx-jiangsu-yancheng-28-cache-2
b489,1,dx,dx-hubei-shiyan-5-cache-1
b489,1,dx,dx-qinghai-xining-9-cache-1
b489,1,dx,dx-guizhou-guiyang-15-cache-2
b489,1,dx,dx-hunan-xiangxizizhizhou-1-cache-3
b489,1,dx,dx-hunan-changsha-13-cache-2
b489,1,dx,dx-hubei-xiangyang-13-cache-3
b489,1,dx,dx-guangxi-nanning-15-cache-2
b489,1,dx,dx-zhejiang-jiaxing-10-cache-1
b489,1,dx,dx-hunan-changsha-13-cache-1
b489,1,dx,dx-yunnan-kunming-12-cache-4
b489,1,dx,dx-jiangsu-taizhou-16-cache-2
b489,1,dx,dx-zhejiang-jiaxing-11-cache-3
b489,1,dx,dx-tianjin-tianjin-26-cache-1
b489,1,dx,dx-jiangsu-lianyungang-5-cache-1
b489,1,dx,dx-sichuan-yibin-3-cache-2
b489,1,dx,dx-guangdong-foshan-20-cache-2
b489,1,dx,dx-zhejiang-jiaxing-10-cache-2
b489,1,dx,dx-zhejiang-jiaxing-10-cache-5
b489,1,dx,dx-tianjin-tianjin-15-cache-2
b489,1,dx,dx-guangxi-nanning-15-cache-1
b489,1,dx,dx-jiangsu-yancheng-24-cache-2
b489,1,dx,dx-zhejiang-jiaxing-11-cache-2
cd07,0,dx,dx-hubei-xiangyang-12-cache-1
cd07,0,dx,dx-guizhou-guiyang-15-cache-1
cd07,0,dx,dx-hunan-xiangxizizhizhou-1-cache-2
cd07,0,dx,dx-yunnan-kunming-12-cache-1
cd07,0,dx,dx-shandong-qingdao-9-cache-11
cd07,0,dx,dx-qinghai-haidong-1-cache-2
cd07,0,dx,dx-sichuan-chengdu-30-cache-2
cd07,0,dx,dx-sichuan-yibin-3-cache-1
cd07,0,dx,dx-ningxia-zhongwei-3-cache-2
cd07,0,dx,dx-hubei-xiangyang-13-cache-2
cd07,0,dx,dx-neimenggu-huhehaote-9-cache-5
cd07,0,dx,dx-shandong-qingdao-9-cache-3
cd07,0,dx,dx-qinghai-xining-9-cache-2
cd07,0,dx,dx-hunan-xiangxizizhizhou-1-cache-1
cd07,0,dx,dx-jiangsu-yancheng-28-cache-2
cd07,0,dx,dx-tianjin-tianjin-15-cache-1
cd07,0,dx,dx-hubei-shiyan-5-cache-1
cd07,0,dx,dx-qinghai-xining-9-cache-1
cd07,0,dx,dx-hunan-changsha-13-cache-2
cd07,0,dx,dx-guizhou-guiyang-10-cache-4
cd07,0,dx,dx-guangxi-nanning-15-cache-2
cd07,0,dx,dx-neimenggu-huhehaote-9-cache-1
cd07,0,dx,dx-jiangsu-lianyungang-5-cache-7
cd07,0,dx,dx-sichuan-chengdu-30-cache-1
cd07,0,dx,dx-jiangsu-taizhou-16-cache-2
cd07,0,dx,dx-tianjin-tianjin-26-cache-1
cd07,0,dx,dx-guizhou-guiyang-10-cache-2
cd07,0,dx,dx-guangdong-foshan-22-cache-2
cd07,0,dx,dx-zhejiang-jiaxing-10-cache-2
cd07,0,dx,dx-jiangsu-yancheng-24-cache-2
cd07,0,dx,dx-zhejiang-jiaxing-11-cache-2
cd07,1,dx,dx-hubei-xiangyang-12-cache-1
cd07,1,dx,dx-hubei-xiangyang-13-cache-2
cd07,1,dx,dx-jiangsu-yancheng-28-cache-2
cd07,1,dx,dx-tianjin-tianjin-15-cache-1
cd07,1,dx,dx-qinghai-xining-9-cache-1
cd07,1,dx,dx-shan3xi-baoji-12-cache-1
cd07,1,dx,dx-neimenggu-huhehaote-9-cache-5
cd07,1,dx,dx-sichuan-yibin-3-cache-2
cd07,1,dx,dx-sichuan-yibin-3-cache-1
cd07,1,dx,dx-zhejiang-jiaxing-10-cache-2
cd07,1,dx,dx-ningxia-zhongwei-3-cache-2
cd07,1,dx,dx-jiangsu-yancheng-24-cache-2
cd07,1,dx,dx-zhejiang-jiaxing-11-cache-2
4775,0,dx,dx-zhejiang-jiaxing-10-cache-4
4775,0,dx,dx-jiangsu-lianyungang-5-cache-4
4775,0,dx,dx-guizhou-guiyang-15-cache-1
4775,0,dx,dx-guizhou-guiyang-10-cache-7
4775,0,dx,dx-guangdong-foshan-20-cache-3
4775,0,dx,dx-hunan-xiangxizizhizhou-1-cache-2
4775,0,dx,dx-yunnan-kunming-12-cache-1
4775,0,dx,dx-qinghai-haidong-1-cache-2
4775,0,dx,dx-jiangsu-yancheng-24-cache-4
4775,0,dx,dx-tianjin-tianjin-26-cache-2
4775,0,dx,dx-jiangsu-yancheng-24-cache-1
4775,0,dx,dx-guizhou-guiyang-10-cache-6
4775,0,dx,dx-sichuan-chengdu-30-cache-2
4775,0,dx,dx-sichuan-yibin-3-cache-1
4775,0,dx,dx-shanghai-shanghai-15-cache-1
4775,0,dx,dx-sichuan-chengdu-29-cache-2
4775,0,dx,dx-yunnan-kunming-12-cache-3
4775,0,dx,dx-jiangsu-lianyungang-5-cache-6
4775,0,dx,dx-jiangsu-lianyungang-5-cache-2
4775,0,dx,dx-hubei-xiangyang-13-cache-2
4775,0,dx,dx-jiangsu-yancheng-28-cache-1
4775,0,dx,dx-guangdong-foshan-22-cache-1
4775,0,dx,dx-zhejiang-jiaxing-10-cache-3
4775,0,dx,dx-sichuan-chengdu-29-cache-1
4775,0,dx,dx-guizhou-guiyang-10-cache-5
4775,0,dx,dx-neimenggu-huhehaote-9-cache-5
4775,0,dx,dx-shandong-qingdao-9-cache-3
4775,0,dx,dx-qinghai-xining-9-cache-2
4775,0,dx,dx-shandong-qingdao-9-cache-7
4775,0,dx,dx-shandong-qingdao-9-cache-1
4775,0,dx,dx-hunan-xiangxizizhizhou-1-cache-1
4775,0,dx,dx-guizhou-guiyang-10-cache-1
4775,0,dx,dx-jiangsu-yancheng-28-cache-2
4775,0,dx,dx-tianjin-tianjin-15-cache-1
4775,0,dx,dx-hubei-shiyan-5-cache-1
4775,0,dx,dx-neimenggu-huhehaote-9-cache-2
4775,0,dx,dx-qinghai-xining-9-cache-1
4775,0,dx,dx-guizhou-guiyang-15-cache-2
4775,0,dx,dx-hunan-xiangxizizhizhou-1-cache-3
4775,0,dx,dx-hunan-changsha-13-cache-2
4775,0,dx,dx-hubei-xiangyang-13-cache-3
4775,0,dx,dx-guizhou-guiyang-10-cache-4
4775,0,dx,dx-neimenggu-huhehaote-9-cache-1
4775,0,dx,dx-hunan-changsha-13-cache-3
4775,0,dx,dx-zhejiang-jiaxing-10-cache-1
4775,0,dx,dx-jiangsu-lianyungang-5-cache-7
4775,0,dx,dx-shandong-qingdao-9-cache-9
4775,0,dx,dx-sichuan-chengdu-30-cache-1
4775,0,dx,dx-tianjin-tianjin-26-cache-1
4775,0,dx,dx-jiangsu-lianyungang-5-cache-1
4775,0,dx,dx-guangdong-foshan-22-cache-2
4775,0,dx,dx-guizhou-guiyang-10-cache-2
4775,0,dx,dx-sichuan-yibin-3-cache-2
4775,0,dx,dx-liaoning-anshan-4-cache-1
4775,0,dx,dx-gansu-lanzhou-24-cache-1
4775,0,dx,dx-chongqing-chongqing-51-cache-1
4775,0,dx,dx-guangdong-foshan-20-cache-2
4775,0,dx,dx-qinghai-haidong-1-cache-1
4775,0,dx,dx-zhejiang-jiaxing-10-cache-2
4775,0,dx,dx-zhejiang-jiaxing-10-cache-5
4775,0,dx,dx-shandong-qingdao-9-cache-2
4775,0,dx,dx-tianjin-tianjin-15-cache-2
4775,0,dx,dx-guangxi-nanning-15-cache-1
4775,0,dx,dx-jiangsu-lianyungang-5-cache-5
4775,0,dx,dx-jiangsu-yancheng-24-cache-2
4775,0,dx,dx-shandong-qingdao-9-cache-10
9712,0,dx,dx-yunnan-kunming-12-cache-2
9712,0,dx,dx-guangdong-foshan-20-cache-3
9712,0,dx,dx-jiangsu-yancheng-28-cache-1
9712,0,dx,dx-guizhou-guiyang-15-cache-2
9712,0,dx,dx-zhejiang-jiaxing-10-cache-3
9712,0,dx,dx-hubei-xiangyang-13-cache-3
9712,0,dx,dx-neimenggu-huhehaote-9-cache-5
9712,0,dx,dx-chongqing-chongqing-51-cache-1
9712,0,dx,dx-hunan-changsha-13-cache-1
9712,0,dx,dx-shandong-qingdao-9-cache-10
9712,1,dx,dx-jiangsu-taizhou-16-cache-2
9712,1,dx,dx-guizhou-guiyang-15-cache-1
9712,1,dx,dx-guangdong-foshan-20-cache-3
9712,1,dx,dx-jiangsu-yancheng-28-cache-1
9712,1,dx,dx-hunan-xiangxizizhizhou-1-cache-2
9712,1,dx,dx-tianjin-tianjin-26-cache-1
9712,1,dx,dx-yunnan-kunming-12-cache-1
9712,1,dx,dx-zhejiang-jiaxing-10-cache-3
9712,1,dx,dx-guizhou-guiyang-10-cache-4
9712,1,dx,dx-jiangsu-lianyungang-5-cache-5
628d,0,dx,dx-guizhou-guiyang-15-cache-1
628d,0,dx,dx-qinghai-haidong-1-cache-2
628d,0,dx,dx-tianjin-tianjin-26-cache-2
628d,0,dx,dx-ningxia-zhongwei-3-cache-2
628d,0,dx,dx-neimenggu-huhehaote-9-cache-5
628d,0,dx,dx-shandong-qingdao-9-cache-3
628d,0,dx,dx-qinghai-xining-9-cache-2
628d,0,dx,dx-hunan-xiangxizizhizhou-1-cache-1
628d,0,dx,dx-qinghai-xining-9-cache-1
628d,0,dx,dx-guizhou-guiyang-15-cache-2
628d,0,dx,dx-hubei-xiangyang-13-cache-3
628d,0,dx,dx-neimenggu-huhehaote-9-cache-1
628d,0,dx,dx-yunnan-kunming-12-cache-4
628d,0,dx,dx-tianjin-tianjin-26-cache-1
628d,0,dx,dx-jiangsu-lianyungang-5-cache-1
628d,0,dx,dx-guizhou-guiyang-10-cache-2
628d,0,dx,dx-zhejiang-jiaxing-10-cache-2
628d,0,dx,dx-qinghai-haidong-1-cache-1
628d,0,dx,dx-tianjin-tianjin-15-cache-2
628d,1,dx,dx-tianjin-tianjin-26-cache-1
628d,1,dx,dx-guizhou-guiyang-15-cache-2
628d,1,dx,dx-tianjin-tianjin-15-cache-2
628d,1,dx,dx-neimenggu-huhehaote-9-cache-5
628d,1,dx,dx-hubei-xiangyang-13-cache-3
628d,1,dx,dx-qinghai-xining-9-cache-2
628d,1,dx,dx-guangdong-foshan-20-cache-2
628d,1,dx,dx-zhejiang-jiaxing-10-cache-2
628d,1,dx,dx-neimenggu-huhehaote-9-cache-1
628d,1,dx,dx-hunan-xiangxizizhizhou-1-cache-1
203f,0,dx,dx-zhejiang-jiaxing-10-cache-4
203f,0,dx,dx-jiangsu-lianyungang-5-cache-4
203f,0,dx,dx-tianjin-tianjin-15-cache-1
203f,0,dx,dx-hunan-xiangxizizhizhou-1-cache-2
203f,0,dx,dx-guangdong-foshan-22-cache-1
203f,0,dx,dx-shandong-qingdao-9-cache-11
203f,0,dx,dx-jiangsu-lianyungang-5-cache-1
203f,0,dx,dx-guangdong-foshan-22-cache-2
203f,0,dx,dx-hubei-xiangyang-13-cache-3
203f,0,dx,dx-liaoning-anshan-4-cache-1
203f,0,dx,dx-qinghai-xining-9-cache-2
203f,0,dx,dx-qinghai-haidong-1-cache-1
203f,0,dx,dx-yunnan-kunming-12-cache-3
203f,1,dx,dx-hunan-xiangxizizhizhou-1-cache-2
4384,0,dx,dx-hubei-xiangyang-12-cache-1
4384,0,dx,dx-hunan-xiangxizizhizhou-1-cache-2
4384,0,dx,dx-yunnan-kunming-12-cache-1
4384,0,dx,dx-shandong-qingdao-9-cache-11
4384,0,dx,dx-qinghai-haidong-1-cache-2
4384,0,dx,dx-sichuan-chengdu-30-cache-2
4384,0,dx,dx-sichuan-yibin-3-cache-1
4384,0,dx,dx-sichuan-chengdu-29-cache-2
4384,0,dx,dx-hubei-xiangyang-13-cache-2
4384,0,dx,dx-guangdong-foshan-22-cache-1
4384,0,dx,dx-neimenggu-huhehaote-9-cache-5
4384,0,dx,dx-sichuan-chengdu-29-cache-1
4384,0,dx,dx-shandong-qingdao-9-cache-3
4384,0,dx,dx-qinghai-xining-9-cache-2
4384,0,dx,dx-jiangsu-taizhou-16-cache-1
4384,0,dx,dx-qinghai-xining-9-cache-1
4384,0,dx,dx-hunan-changsha-13-cache-2
4384,0,dx,dx-neimenggu-huhehaote-9-cache-1
4384,0,dx,dx-hunan-changsha-13-cache-3
4384,0,dx,dx-jiangsu-taizhou-16-cache-2
4384,0,dx,dx-sichuan-chengdu-30-cache-1
4384,0,dx,dx-tianjin-tianjin-26-cache-1
4384,0,dx,dx-guizhou-guiyang-10-cache-2
4384,0,dx,dx-guangdong-foshan-22-cache-2
4384,0,dx,dx-qinghai-haidong-1-cache-1
4384,0,dx,dx-jiangsu-yancheng-24-cache-2
4384,1,dx,dx-jiangsu-taizhou-16-cache-1
4384,1,dx,dx-yunnan-kunming-12-cache-1
4384,1,dx,dx-qinghai-haidong-1-cache-2
4384,1,dx,dx-sichuan-yibin-3-cache-1
4384,1,dx,dx-qinghai-xining-9-cache-2
4384,1,dx,dx-qinghai-haidong-1-cache-1
4384,1,dx,dx-hunan-changsha-13-cache-3
1be9,0,dx,dx-zhejiang-jiaxing-10-cache-4
1be9,0,dx,dx-jiangsu-lianyungang-5-cache-4
1be9,0,dx,dx-hubei-xiangyang-12-cache-1
1be9,0,dx,dx-guizhou-guiyang-15-cache-1
1be9,0,dx,dx-yunnan-kunming-12-cache-2
1be9,0,dx,dx-guizhou-guiyang-10-cache-7
1be9,0,dx,dx-guangdong-foshan-20-cache-3
1be9,0,dx,dx-hunan-xiangxizizhizhou-1-cache-2
1be9,0,dx,dx-yunnan-kunming-12-cache-1
1be9,0,dx,dx-qinghai-haidong-1-cache-2
1be9,0,dx,dx-shan3xi-baoji-12-cache-1
1be9,0,dx,dx-tianjin-tianjin-26-cache-2
1be9,0,dx,dx-jiangsu-yancheng-24-cache-1
1be9,0,dx,dx-sichuan-chengdu-30-cache-2
1be9,0,dx,dx-sichuan-yibin-3-cache-1
1be9,0,dx,dx-guizhou-guiyang-10-cache-6
1be9,0,dx,dx-shanghai-shanghai-15-cache-1
1be9,0,dx,dx-sichuan-chengdu-29-cache-2
1be9,0,dx,dx-yunnan-kunming-12-cache-3
1be9,0,dx,dx-ningxia-zhongwei-3-cache-2
1be9,0,dx,dx-jiangsu-lianyungang-5-cache-2
1be9,0,dx,dx-hubei-xiangyang-13-cache-2
1be9,0,dx,dx-ningxia-zhongwei-3-cache-1
1be9,0,dx,dx-jiangsu-yancheng-28-cache-1
1be9,0,dx,dx-guangdong-foshan-22-cache-1
1be9,0,dx,dx-zhejiang-jiaxing-11-cache-1
1be9,0,dx,dx-zhejiang-jiaxing-10-cache-3
1be9,0,dx,dx-sichuan-chengdu-29-cache-1
1be9,0,dx,dx-guizhou-guiyang-10-cache-5
1be9,0,dx,dx-neimenggu-huhehaote-9-cache-5
1be9,0,dx,dx-qinghai-xining-9-cache-2
1be9,0,dx,dx-hunan-xiangxizizhizhou-1-cache-1
1be9,0,dx,dx-jiangsu-taizhou-16-cache-1
1be9,0,dx,dx-guizhou-guiyang-10-cache-1
1be9,0,dx,dx-jiangsu-yancheng-28-cache-2
1be9,0,dx,dx-tianjin-tianjin-15-cache-1
1be9,0,dx,dx-hubei-shiyan-5-cache-1
1be9,0,dx,dx-neimenggu-huhehaote-9-cache-2
1be9,0,dx,dx-qinghai-xining-9-cache-1
1be9,0,dx,dx-guizhou-guiyang-15-cache-2
1be9,0,dx,dx-hunan-xiangxizizhizhou-1-cache-3
1be9,0,dx,dx-hunan-changsha-13-cache-2
1be9,0,dx,dx-hubei-xiangyang-13-cache-3
1be9,0,dx,dx-guizhou-guiyang-10-cache-4
1be9,0,dx,dx-zhejiang-jiaxing-11-cache-5
1be9,0,dx,dx-neimenggu-huhehaote-9-cache-1
1be9,0,dx,dx-zhejiang-jiaxing-10-cache-1
1be9,0,dx,dx-hunan-changsha-13-cache-1
1be9,0,dx,dx-yunnan-kunming-12-cache-4
1be9,0,dx,dx-jiangsu-taizhou-16-cache-2
1be9,0,dx,dx-sichuan-chengdu-30-cache-1
1be9,0,dx,dx-zhejiang-jiaxing-11-cache-3
1be9,0,dx,dx-tianjin-tianjin-26-cache-1
1be9,0,dx,dx-jiangsu-lianyungang-5-cache-1
1be9,0,dx,dx-guangdong-foshan-22-cache-2
1be9,0,dx,dx-guizhou-guiyang-10-cache-2
1be9,0,dx,dx-liaoning-anshan-4-cache-1
1be9,0,dx,dx-anhui-hefei-1-cache-1
1be9,0,dx,dx-gansu-lanzhou-24-cache-1
1be9,0,dx,dx-chongqing-chongqing-51-cache-1
1be9,0,dx,dx-guangdong-foshan-20-cache-2
1be9,0,dx,dx-zhejiang-jiaxing-10-cache-5
1be9,0,dx,dx-qinghai-haidong-1-cache-1
1be9,0,dx,dx-zhejiang-jiaxing-10-cache-2
1be9,0,dx,dx-sichuan-yibin-3-cache-2
1be9,0,dx,dx-anhui-hefei-1-cache-2
1be9,0,dx,dx-tianjin-tianjin-15-cache-2
1be9,0,dx,dx-guangxi-nanning-15-cache-1
1be9,0,dx,dx-jiangsu-yancheng-24-cache-2
1be9,0,dx,dx-zhejiang-jiaxing-11-cache-2
1be9,1,dx,dx-zhejiang-jiaxing-10-cache-4
1be9,1,dx,dx-jiangsu-lianyungang-5-cache-4
1be9,1,dx,dx-hubei-xiangyang-12-cache-1
1be9,1,dx,dx-yunnan-kunming-12-cache-2
1be9,1,dx,dx-guangdong-foshan-20-cache-3
1be9,1,dx,dx-hunan-xiangxizizhizhou-1-cache-2
1be9,1,dx,dx-yunnan-kunming-12-cache-1
1be9,1,dx,dx-shan3xi-baoji-12-cache-1
1be9,1,dx,dx-tianjin-tianjin-26-cache-2
1be9,1,dx,dx-jiangsu-yancheng-24-cache-1
1be9,1,dx,dx-sichuan-yibin-3-cache-1
1be9,1,dx,dx-shanghai-shanghai-15-cache-1
1be9,1,dx,dx-jiangsu-lianyungang-5-cache-2
1be9,1,dx,dx-hubei-xiangyang-13-cache-2
1be9,1,dx,dx-ningxia-zhongwei-3-cache-1
1be9,1,dx,dx-jiangsu-yancheng-28-cache-1
1be9,1,dx,dx-neimenggu-huhehaote-9-cache-5
1be9,1,dx,dx-hunan-xiangxizizhizhou-1-cache-1
1be9,1,dx,dx-jiangsu-taizhou-16-cache-1
1be9,1,dx,dx-tianjin-tianjin-15-cache-1
1be9,1,dx,dx-hubei-shiyan-5-cache-1
1be9,1,dx,dx-neimenggu-huhehaote-9-cache-2
1be9,1,dx,dx-hunan-changsha-13-cache-2
1be9,1,dx,dx-hubei-xiangyang-13-cache-3
1be9,1,dx,dx-guangxi-nanning-15-cache-2
1be9,1,dx,dx-neimenggu-huhehaote-9-cache-1
1be9,1,dx,dx-zhejiang-jiaxing-10-cache-1
1be9,1,dx,dx-yunnan-kunming-12-cache-4
1be9,1,dx,dx-jiangsu-taizhou-16-cache-2
1be9,1,dx,dx-tianjin-tianjin-26-cache-1
1be9,1,dx,dx-jiangsu-lianyungang-5-cache-1
1be9,1,dx,dx-chongqing-chongqing-51-cache-1
1be9,1,dx,dx-guangdong-foshan-20-cache-2
1be9,1,dx,dx-zhejiang-jiaxing-10-cache-5
1be9,1,dx,dx-shandong-qingdao-9-cache-2
1be9,1,dx,dx-jiangsu-yancheng-24-cache-2
de50,0,dx,dx-zhejiang-jiaxing-10-cache-4
de50,0,dx,dx-jiangsu-lianyungang-5-cache-4
de50,0,dx,dx-hubei-xiangyang-12-cache-1
de50,0,dx,dx-yunnan-kunming-12-cache-2
de50,0,dx,dx-guizhou-guiyang-15-cache-1
de50,0,dx,dx-guangdong-foshan-20-cache-3
de50,0,dx,dx-hunan-xiangxizizhizhou-1-cache-2
de50,0,dx,dx-yunnan-kunming-12-cache-1
de50,0,dx,dx-qinghai-haidong-1-cache-2
de50,0,dx,dx-shan3xi-baoji-12-cache-1
de50,0,dx,dx-tianjin-tianjin-26-cache-2
de50,0,dx,dx-jiangsu-yancheng-24-cache-1
de50,0,dx,dx-guizhou-guiyang-10-cache-6
de50,0,dx,dx-sichuan-yibin-3-cache-1
de50,0,dx,dx-sichuan-chengdu-30-cache-2
de50,0,dx,dx-shanghai-shanghai-15-cache-1
de50,0,dx,dx-sichuan-chengdu-29-cache-2
de50,0,dx,dx-yunnan-kunming-12-cache-3
de50,0,dx,dx-ningxia-zhongwei-3-cache-2
de50,0,dx,dx-jiangsu-lianyungang-5-cache-2
de50,0,dx,dx-hubei-xiangyang-13-cache-2
de50,0,dx,dx-ningxia-zhongwei-3-cache-1
de50,0,dx,dx-jiangsu-yancheng-28-cache-1
de50,0,dx,dx-guangdong-foshan-22-cache-1
de50,0,dx,dx-zhejiang-jiaxing-10-cache-3
de50,0,dx,dx-sichuan-chengdu-29-cache-1
de50,0,dx,dx-neimenggu-huhehaote-9-cache-5
de50,0,dx,dx-guizhou-guiyang-10-cache-5
de50,0,dx,dx-qinghai-xining-9-cache-2
de50,0,dx,dx-hunan-xiangxizizhizhou-1-cache-1
de50,0,dx,dx-jiangsu-taizhou-16-cache-1
de50,0,dx,dx-guizhou-guiyang-10-cache-1
de50,0,dx,dx-jiangsu-yancheng-28-cache-2
de50,0,dx,dx-tianjin-tianjin-15-cache-1
de50,0,dx,dx-hubei-shiyan-5-cache-1
de50,0,dx,dx-neimenggu-huhehaote-9-cache-2
de50,0,dx,dx-qinghai-xining-9-cache-1
de50,0,dx,dx-beijing-beijing-33-cache-1
de50,0,dx,dx-hunan-changsha-13-cache-2
de50,0,dx,dx-hunan-xiangxizizhizhou-1-cache-3
de50,0,dx,dx-hubei-xiangyang-13-cache-3
de50,0,dx,dx-guizhou-guiyang-10-cache-4
de50,0,dx,dx-guangxi-nanning-15-cache-2
de50,0,dx,dx-zhejiang-jiaxing-11-cache-5
de50,0,dx,dx-guizhou-guiyang-15-cache-2
de50,0,dx,dx-neimenggu-huhehaote-9-cache-1
de50,0,dx,dx-hunan-changsha-13-cache-3
de50,0,dx,dx-zhejiang-jiaxing-10-cache-1
de50,0,dx,dx-hunan-changsha-13-cache-1
de50,0,dx,dx-yunnan-kunming-12-cache-4
de50,0,dx,dx-jiangsu-taizhou-16-cache-2
de50,0,dx,dx-sichuan-chengdu-30-cache-1
de50,0,dx,dx-zhejiang-jiaxing-11-cache-3
de50,0,dx,dx-tianjin-tianjin-26-cache-1
de50,0,dx,dx-jiangsu-lianyungang-5-cache-1
de50,0,dx,dx-guangdong-foshan-22-cache-2
de50,0,dx,dx-sichuan-yibin-3-cache-2
de50,0,dx,dx-guizhou-guiyang-10-cache-2
de50,0,dx,dx-anhui-hefei-1-cache-1
de50,0,dx,dx-gansu-lanzhou-24-cache-1
de50,0,dx,dx-liaoning-anshan-4-cache-1
de50,0,dx,dx-guangdong-foshan-20-cache-2
de50,0,dx,dx-zhejiang-jiaxing-10-cache-2
de50,0,dx,dx-zhejiang-jiaxing-10-cache-5
de50,0,dx,dx-qinghai-haidong-1-cache-1
de50,0,dx,dx-shandong-qingdao-9-cache-2
de50,0,dx,dx-anhui-hefei-1-cache-2
de50,0,dx,dx-tianjin-tianjin-15-cache-2
de50,0,dx,dx-guangxi-nanning-15-cache-1
de50,0,dx,dx-jiangsu-yancheng-24-cache-2
de50,0,dx,dx-zhejiang-jiaxing-11-cache-2
de50,1,dx,dx-zhejiang-jiaxing-10-cache-4
de50,1,dx,dx-jiangsu-lianyungang-5-cache-4
de50,1,dx,dx-hubei-xiangyang-12-cache-1
de50,1,dx,dx-yunnan-kunming-12-cache-2
de50,1,dx,dx-guangdong-foshan-20-cache-3
de50,1,dx,dx-hunan-xiangxizizhizhou-1-cache-2
de50,1,dx,dx-yunnan-kunming-12-cache-1
de50,1,dx,dx-qinghai-haidong-1-cache-2
de50,1,dx,dx-shan3xi-baoji-12-cache-1
de50,1,dx,dx-tianjin-tianjin-26-cache-2
de50,1,dx,dx-jiangsu-yancheng-24-cache-1
de50,1,dx,dx-sichuan-yibin-3-cache-1
de50,1,dx,dx-shanghai-shanghai-15-cache-1
de50,1,dx,dx-yunnan-kunming-12-cache-3
de50,1,dx,dx-ningxia-zhongwei-3-cache-2
de50,1,dx,dx-jiangsu-lianyungang-5-cache-2
de50,1,dx,dx-hubei-xiangyang-13-cache-2
de50,1,dx,dx-ningxia-zhongwei-3-cache-1
de50,1,dx,dx-jiangsu-yancheng-28-cache-1
de50,1,dx,dx-neimenggu-huhehaote-9-cache-5
de50,1,dx,dx-zhejiang-jiaxing-11-cache-4
de50,1,dx,dx-qinghai-xining-9-cache-2
de50,1,dx,dx-hunan-xiangxizizhizhou-1-cache-1
de50,1,dx,dx-jiangsu-taizhou-16-cache-1
de50,1,dx,dx-jiangsu-yancheng-28-cache-2
de50,1,dx,dx-qinghai-xining-9-cache-1
de50,1,dx,dx-guizhou-guiyang-15-cache-2
de50,1,dx,dx-hunan-changsha-13-cache-2
de50,1,dx,dx-hunan-xiangxizizhizhou-1-cache-3
de50,1,dx,dx-hubei-xiangyang-13-cache-3
de50,1,dx,dx-guangxi-nanning-15-cache-2
de50,1,dx,dx-neimenggu-huhehaote-9-cache-1
de50,1,dx,dx-hunan-changsha-13-cache-3
de50,1,dx,dx-zhejiang-jiaxing-10-cache-1
de50,1,dx,dx-hunan-changsha-13-cache-1
de50,1,dx,dx-yunnan-kunming-12-cache-4
de50,1,dx,dx-jiangsu-taizhou-16-cache-2
de50,1,dx,dx-tianjin-tianjin-26-cache-1
de50,1,dx,dx-jiangsu-lianyungang-5-cache-1
de50,1,dx,dx-sichuan-yibin-3-cache-2
de50,1,dx,dx-guangdong-foshan-20-cache-2
de50,1,dx,dx-zhejiang-jiaxing-10-cache-2
de50,1,dx,dx-zhejiang-jiaxing-10-cache-5
de50,1,dx,dx-qinghai-haidong-1-cache-1
de50,1,dx,dx-shandong-qingdao-9-cache-2
de50,1,dx,dx-tianjin-tianjin-15-cache-2
de50,1,dx,dx-guangxi-nanning-15-cache-1
de50,1,dx,dx-jiangsu-yancheng-24-cache-2
de50,1,dx,dx-zhejiang-jiaxing-11-cache-2
d69b,0,dx,dx-zhejiang-jiaxing-10-cache-4
d69b,0,dx,dx-jiangsu-lianyungang-5-cache-4
d69b,0,dx,dx-hunan-xiangxizizhizhou-1-cache-2
d69b,0,dx,dx-henan-xinxiang-3-cache-1
d69b,0,dx,dx-yunnan-kunming-12-cache-1
d69b,0,dx,dx-qinghai-haidong-1-cache-2
d69b,0,dx,dx-shan3xi-baoji-12-cache-1
d69b,0,dx,dx-tianjin-tianjin-26-cache-2
d69b,0,dx,dx-xinjiang-kelamayi-2-cache-2
d69b,0,dx,dx-sichuan-yibin-3-cache-1
d69b,0,dx,dx-yunnan-kunming-12-cache-3
d69b,0,dx,dx-jiangsu-lianyungang-5-cache-2
d69b,0,dx,dx-ningxia-zhongwei-3-cache-1
d69b,0,dx,dx-guangdong-foshan-22-cache-1
d69b,0,dx,dx-sichuan-chengdu-29-cache-1
d69b,0,dx,dx-qinghai-xining-9-cache-2
d69b,0,dx,dx-jiangsu-taizhou-16-cache-1
d69b,0,dx,dx-tianjin-tianjin-15-cache-1
d69b,0,dx,dx-guizhou-guiyang-15-cache-2
d69b,0,dx,dx-hunan-xiangxizizhizhou-1-cache-3
d69b,0,dx,dx-neimenggu-huhehaote-9-cache-1
d69b,0,dx,dx-yunnan-kunming-12-cache-4
d69b,0,dx,dx-jiangsu-taizhou-16-cache-2
d69b,0,dx,dx-zhejiang-jiaxing-11-cache-3
d69b,0,dx,dx-tianjin-tianjin-26-cache-1
d69b,0,dx,dx-guangdong-foshan-22-cache-2
d69b,0,dx,dx-gansu-lanzhou-24-cache-1
d69b,0,dx,dx-chongqing-chongqing-51-cache-1
d69b,0,dx,dx-guangdong-foshan-20-cache-2
d69b,0,dx,dx-zhejiang-jiaxing-10-cache-2
d69b,0,dx,dx-zhejiang-jiaxing-10-cache-5
d69b,0,dx,dx-tianjin-tianjin-15-cache-2
d69b,0,dx,dx-jiangsu-yancheng-24-cache-2
d69b,0,dx,dx-zhejiang-jiaxing-11-cache-2
d69b,1,dx,dx-jiangsu-taizhou-16-cache-2
d69b,1,dx,dx-jiangsu-lianyungang-5-cache-2
d69b,1,dx,dx-jiangsu-lianyungang-5-cache-4
d69b,1,dx,dx-liaoning-fushun-5-cache-2
d69b,1,dx,dx-qinghai-xining-9-cache-1
d69b,1,dx,dx-hunan-xiangxizizhizhou-1-cache-3
d69b,1,dx,dx-guizhou-guiyang-10-cache-4
d69b,1,dx,dx-guangdong-foshan-20-cache-2
d69b,1,dx,dx-jiangsu-yancheng-24-cache-2
b51e,0,dx,dx-hubei-xiangyang-12-cache-1
b51e,0,dx,dx-guizhou-guiyang-15-cache-1
b51e,0,dx,dx-hunan-xiangxizizhizhou-1-cache-2
b51e,0,dx,dx-yunnan-kunming-12-cache-1
b51e,0,dx,dx-shandong-qingdao-9-cache-11
b51e,0,dx,dx-qinghai-haidong-1-cache-2
b51e,0,dx,dx-sichuan-yibin-3-cache-1
b51e,0,dx,dx-jiangsu-lianyungang-5-cache-6
b51e,0,dx,dx-hubei-xiangyang-13-cache-2
b51e,0,dx,dx-guangdong-foshan-22-cache-1
b51e,0,dx,dx-neimenggu-huhehaote-9-cache-5
b51e,0,dx,dx-shandong-qingdao-9-cache-3
b51e,0,dx,dx-qinghai-xining-9-cache-2
b51e,0,dx,dx-jiangsu-taizhou-16-cache-1
b51e,0,dx,dx-tianjin-tianjin-15-cache-1
b51e,0,dx,dx-qinghai-xining-9-cache-1
b51e,0,dx,dx-guizhou-guiyang-15-cache-2
b51e,0,dx,dx-hunan-changsha-13-cache-2
b51e,0,dx,dx-hunan-xiangxizizhizhou-1-cache-3
b51e,0,dx,dx-guizhou-guiyang-10-cache-4
b51e,0,dx,dx-neimenggu-huhehaote-9-cache-1
b51e,0,dx,dx-hunan-changsha-13-cache-3
b51e,0,dx,dx-jiangsu-taizhou-16-cache-2
b51e,0,dx,dx-tianjin-tianjin-26-cache-1
b51e,0,dx,dx-jiangsu-lianyungang-5-cache-1
b51e,0,dx,dx-guangdong-foshan-22-cache-2
b51e,0,dx,dx-guizhou-guiyang-10-cache-2
b51e,0,dx,dx-anhui-hefei-1-cache-1
b51e,0,dx,dx-chongqing-chongqing-51-cache-1
b51e,0,dx,dx-qinghai-haidong-1-cache-1
b51e,0,dx,dx-jiangsu-yancheng-24-cache-2
b51e,1,dx,dx-hubei-xiangyang-12-cache-1
b51e,1,dx,dx-tianjin-tianjin-15-cache-1
b51e,1,dx,dx-tianjin-tianjin-26-cache-1
b51e,1,dx,dx-yunnan-kunming-12-cache-1
b51e,1,dx,dx-guizhou-guiyang-15-cache-2
b51e,1,dx,dx-hunan-changsha-13-cache-2
b51e,1,dx,dx-neimenggu-huhehaote-9-cache-5
b51e,1,dx,dx-sichuan-yibin-3-cache-1
b51e,1,dx,dx-chongqing-chongqing-51-cache-1
b51e,1,dx,dx-hunan-changsha-13-cache-3
b4d7,0,dx,dx-guizhou-guiyang-10-cache-7
b4d7,0,dx,dx-guangdong-foshan-20-cache-3
b4d7,0,dx,dx-qinghai-haidong-1-cache-2
b4d7,0,dx,dx-guizhou-guiyang-10-cache-6
b4d7,0,dx,dx-sichuan-yibin-3-cache-1
b4d7,0,dx,dx-shanghai-shanghai-15-cache-1
b4d7,0,dx,dx-sichuan-chengdu-29-cache-2
b4d7,0,dx,dx-ningxia-zhongwei-3-cache-2
b4d7,0,dx,dx-ningxia-zhongwei-3-cache-1
b4d7,0,dx,dx-jiangsu-yancheng-28-cache-1
b4d7,0,dx,dx-zhejiang-jiaxing-11-cache-1
b4d7,0,dx,dx-sichuan-chengdu-29-cache-1
b4d7,0,dx,dx-jiangsu-yancheng-28-cache-2
b4d7,0,dx,dx-hubei-shiyan-5-cache-1
b4d7,0,dx,dx-neimenggu-huhehaote-9-cache-2
b4d7,0,dx,dx-guangxi-nanning-15-cache-2
b4d7,0,dx,dx-zhejiang-jiaxing-11-cache-5
b4d7,0,dx,dx-guangdong-foshan-22-cache-2
b4d7,0,dx,dx-liaoning-anshan-4-cache-1
b4d7,0,dx,dx-guangdong-foshan-20-cache-2
b4d7,0,dx,dx-qinghai-haidong-1-cache-1
b4d7,0,dx,dx-shandong-qingdao-9-cache-2
b4d7,0,dx,dx-guangxi-nanning-15-cache-1
b4d7,0,dx,dx-zhejiang-jiaxing-11-cache-2
b4d7,1,dx,dx-guangxi-nanning-15-cache-1
b4d7,1,dx,dx-ningxia-zhongwei-3-cache-1
b4d7,1,dx,dx-guangdong-foshan-20-cache-3
b4d7,1,dx,dx-zhejiang-jiaxing-11-cache-3
b4d7,1,dx,dx-neimenggu-huhehaote-9-cache-2
b4d7,1,dx,dx-tianjin-tianjin-26-cache-1
b4d7,1,dx,dx-zhejiang-jiaxing-11-cache-1
b4d7,1,dx,dx-tianjin-tianjin-26-cache-2
b4d7,1,dx,dx-neimenggu-huhehaote-9-cache-5
b4d7,1,dx,dx-guangxi-nanning-15-cache-2
b4d7,1,dx,dx-zhejiang-jiaxing-11-cache-5
b4d7,1,dx,dx-shanghai-shanghai-15-cache-1
b4d7,1,dx,dx-guangdong-foshan-20-cache-2
b4d7,1,dx,dx-ningxia-zhongwei-3-cache-2
b4d7,1,dx,dx-zhejiang-jiaxing-11-cache-2
4541,0,dx,dx-hubei-xiangyang-12-cache-1
4541,0,dx,dx-guizhou-guiyang-10-cache-7
4541,0,dx,dx-guangdong-foshan-20-cache-3
4541,0,dx,dx-tianjin-tianjin-26-cache-2
4541,0,dx,dx-guizhou-guiyang-10-cache-6
4541,0,dx,dx-sichuan-chengdu-30-cache-2
4541,0,dx,dx-sichuan-yibin-3-cache-1
4541,0,dx,dx-jiangsu-yancheng-24-cache-1
4541,0,dx,dx-sichuan-chengdu-29-cache-2
4541,0,dx,dx-yunnan-kunming-12-cache-3
4541,0,dx,dx-ningxia-zhongwei-3-cache-2
4541,0,dx,dx-jiangsu-lianyungang-5-cache-2
4541,0,dx,dx-hubei-xiangyang-13-cache-2
4541,0,dx,dx-ningxia-zhongwei-3-cache-1
4541,0,dx,dx-guangdong-foshan-22-cache-1
4541,0,dx,dx-sichuan-chengdu-29-cache-1
4541,0,dx,dx-shandong-qingdao-9-cache-1
4541,0,dx,dx-qinghai-xining-9-cache-2
4541,0,dx,dx-jiangsu-yancheng-28-cache-2
4541,0,dx,dx-hubei-shiyan-5-cache-1
4541,0,dx,dx-neimenggu-huhehaote-9-cache-2
4541,0,dx,dx-neimenggu-huhehaote-9-cache-1
4541,0,dx,dx-zhejiang-jiaxing-10-cache-1
4541,0,dx,dx-jiangsu-lianyungang-5-cache-7
4541,0,dx,dx-sichuan-chengdu-30-cache-1
4541,0,dx,dx-tianjin-tianjin-26-cache-1
4541,0,dx,dx-jiangsu-lianyungang-5-cache-1
4541,0,dx,dx-guangdong-foshan-22-cache-2
4541,0,dx,dx-guizhou-guiyang-10-cache-2
4541,0,dx,dx-gansu-lanzhou-24-cache-1
4541,0,dx,dx-guangdong-foshan-20-cache-2
4541,0,dx,dx-zhejiang-jiaxing-10-cache-2
4541,0,dx,dx-tianjin-tianjin-15-cache-2
4541,0,dx,dx-jiangsu-lianyungang-5-cache-5
4541,0,dx,dx-jiangsu-yancheng-24-cache-2
4541,1,dx,dx-jiangsu-yancheng-28-cache-2
4541,1,dx,dx-hubei-xiangyang-12-cache-1
4541,1,dx,dx-guangdong-foshan-20-cache-3
4541,1,dx,dx-hubei-shiyan-5-cache-1
4541,1,dx,dx-neimenggu-huhehaote-9-cache-2
4541,1,dx,dx-tianjin-tianjin-26-cache-1
4541,1,dx,dx-tianjin-tianjin-15-cache-2
4541,1,dx,dx-sichuan-yibin-3-cache-2
4541,1,dx,dx-guizhou-guiyang-10-cache-2
4541,1,dx,dx-gansu-lanzhou-24-cache-1
4541,1,dx,dx-qinghai-xining-9-cache-2
4541,1,dx,dx-guangdong-foshan-20-cache-2
4541,1,dx,dx-zhejiang-jiaxing-10-cache-2
4541,1,dx,dx-yunnan-kunming-12-cache-3
389c,0,dx,dx-zhejiang-jiaxing-10-cache-4
389c,0,dx,dx-yunnan-kunming-12-cache-1
389c,0,dx,dx-qinghai-haidong-1-cache-2
389c,0,dx,dx-jiangsu-yancheng-24-cache-1
389c,0,dx,dx-yunnan-kunming-12-cache-3
389c,0,dx,dx-jiangsu-lianyungang-5-cache-6
389c,0,dx,dx-hubei-xiangyang-13-cache-2
389c,0,dx,dx-zhejiang-jiaxing-11-cache-1
389c,0,dx,dx-qinghai-xining-9-cache-2
389c,0,dx,dx-hunan-xiangxizizhizhou-1-cache-1
389c,0,dx,dx-jiangsu-yancheng-28-cache-2
389c,0,dx,dx-qinghai-xining-9-cache-1
389c,0,dx,dx-guizhou-guiyang-15-cache-2
389c,0,dx,dx-hunan-changsha-13-cache-2
389c,0,dx,dx-hunan-xiangxizizhizhou-1-cache-3
389c,0,dx,dx-hubei-xiangyang-13-cache-3
389c,0,dx,dx-guizhou-guiyang-10-cache-4
389c,0,dx,dx-neimenggu-huhehaote-9-cache-1
389c,0,dx,dx-yunnan-kunming-12-cache-4
389c,0,dx,dx-jiangsu-taizhou-16-cache-2
389c,0,dx,dx-tianjin-tianjin-26-cache-1
389c,0,dx,dx-jiangsu-lianyungang-5-cache-1
389c,0,dx,dx-guangdong-foshan-22-cache-2
389c,0,dx,dx-guizhou-guiyang-10-cache-2
389c,0,dx,dx-sichuan-yibin-3-cache-2
389c,0,dx,dx-anhui-hefei-1-cache-1
389c,0,dx,dx-qinghai-haidong-1-cache-1
389c,0,dx,dx-shandong-qingdao-9-cache-2
389c,0,dx,dx-tianjin-tianjin-15-cache-2
389c,0,dx,dx-jiangsu-yancheng-24-cache-2
389c,0,dx,dx-zhejiang-jiaxing-11-cache-2
389c,1,dx,dx-zhejiang-jiaxing-10-cache-4
389c,1,dx,dx-hunan-xiangxizizhizhou-1-cache-2
389c,1,dx,dx-yunnan-kunming-12-cache-1
389c,1,dx,dx-qinghai-haidong-1-cache-2
389c,1,dx,dx-sichuan-yibin-3-cache-1
389c,1,dx,dx-yunnan-kunming-12-cache-3
389c,1,dx,dx-hubei-xiangyang-13-cache-2
389c,1,dx,dx-zhejiang-jiaxing-11-cache-1
389c,1,dx,dx-neimenggu-huhehaote-9-cache-5
389c,1,dx,dx-qinghai-xining-9-cache-2
389c,1,dx,dx-hunan-xiangxizizhizhou-1-cache-1
389c,1,dx,dx-neimenggu-huhehaote-9-cache-2
389c,1,dx,dx-qinghai-xining-9-cache-1
389c,1,dx,dx-guizhou-guiyang-15-cache-2
389c,1,dx,dx-hunan-xiangxizizhizhou-1-cache-3
389c,1,dx,dx-hunan-changsha-13-cache-2
389c,1,dx,dx-hubei-xiangyang-13-cache-3
389c,1,dx,dx-neimenggu-huhehaote-9-cache-1
389c,1,dx,dx-tianjin-tianjin-26-cache-1
389c,1,dx,dx-sichuan-yibin-3-cache-2
389c,1,dx,dx-tianjin-tianjin-15-cache-2
71d2,0,dx,dx-jiangsu-taizhou-16-cache-1
71d2,0,dx,dx-jiangsu-yancheng-28-cache-2
71d2,0,dx,dx-hubei-xiangyang-12-cache-1
71d2,0,dx,dx-tianjin-tianjin-26-cache-1
71d2,0,dx,dx-shandong-qingdao-9-cache-2
71d2,0,dx,dx-jiangsu-lianyungang-5-cache-5
71d2,1,dx,dx-jiangsu-taizhou-16-cache-1
71d2,1,dx,dx-hubei-xiangyang-12-cache-1
71d2,1,dx,dx-jiangsu-yancheng-28-cache-2
71d2,1,dx,dx-tianjin-tianjin-26-cache-1
71d2,1,dx,dx-shandong-qingdao-9-cache-2
71d2,1,dx,dx-jiangsu-lianyungang-5-cache-5
3625,0,dx,dx-hubei-xiangyang-12-cache-1
3625,0,dx,dx-guizhou-guiyang-15-cache-1
3625,0,dx,dx-guangdong-foshan-20-cache-3
3625,0,dx,dx-shan3xi-baoji-12-cache-1
3625,0,dx,dx-jiangsu-yancheng-24-cache-1
3625,0,dx,dx-sichuan-yibin-3-cache-1
3625,0,dx,dx-jiangsu-yancheng-28-cache-1
3625,0,dx,dx-guangdong-foshan-22-cache-1
3625,0,dx,dx-shandong-qingdao-9-cache-7
3625,0,dx,dx-tianjin-tianjin-15-cache-1
3625,0,dx,dx-hubei-xiangyang-13-cache-3
3625,0,dx,dx-neimenggu-huhehaote-9-cache-1
3625,0,dx,dx-jiangsu-lianyungang-5-cache-7
3625,0,dx,dx-hunan-changsha-13-cache-1
3625,0,dx,dx-yunnan-kunming-12-cache-4
3625,0,dx,dx-chongqing-chongqing-51-cache-1
3625,0,dx,dx-zhejiang-jiaxing-10-cache-5
3625,0,dx,dx-qinghai-haidong-1-cache-1
3625,0,dx,dx-anhui-hefei-1-cache-2
3625,0,dx,dx-jiangsu-lianyungang-5-cache-5
3625,0,dx,dx-shandong-qingdao-9-cache-10
9bff,1,dx,dx-hubei-xiangyang-12-cache-1
9bff,1,dx,dx-guizhou-guiyang-15-cache-1
9bff,1,dx,dx-yunnan-kunming-12-cache-2
9bff,1,dx,dx-jiangsu-yancheng-28-cache-1
9bff,1,dx,dx-tianjin-tianjin-26-cache-1
9bff,1,dx,dx-hubei-xiangyang-13-cache-3
9bff,1,dx,dx-zhejiang-jiaxing-10-cache-5
9bff,1,dx,dx-zhejiang-jiaxing-10-cache-1
9bff,1,dx,dx-hunan-changsha-13-cache-1
9bff,0,dx,dx-yunnan-kunming-12-cache-2
9bff,0,dx,dx-jiangsu-yancheng-28-cache-1
9bff,0,dx,dx-hubei-xiangyang-13-cache-3
9bff,0,dx,dx-sichuan-yibin-3-cache-1
9bff,0,dx,dx-chongqing-chongqing-51-cache-1
9bff,0,dx,dx-shandong-qingdao-9-cache-2
9bff,0,dx,dx-hunan-changsha-13-cache-1
9bff,0,dx,dx-shandong-qingdao-9-cache-10
a77a,0,dx,dx-guizhou-guiyang-10-cache-7
a77a,0,dx,dx-yunnan-kunming-12-cache-1
a77a,0,dx,dx-shandong-qingdao-9-cache-11
a77a,0,dx,dx-qinghai-haidong-1-cache-2
a77a,0,dx,dx-jiangsu-yancheng-24-cache-1
a77a,0,dx,dx-guizhou-guiyang-10-cache-6
a77a,0,dx,dx-yunnan-kunming-12-cache-3
a77a,0,dx,dx-ningxia-zhongwei-3-cache-2
a77a,0,dx,dx-jiangsu-lianyungang-5-cache-6
a77a,0,dx,dx-hubei-xiangyang-13-cache-2
a77a,0,dx,dx-zhejiang-jiaxing-11-cache-1
a77a,0,dx,dx-guizhou-guiyang-10-cache-5
a77a,0,dx,dx-qinghai-xining-9-cache-2
a77a,0,dx,dx-hunan-xiangxizizhizhou-1-cache-1
a77a,0,dx,dx-hubei-shiyan-5-cache-1
a77a,0,dx,dx-neimenggu-huhehaote-9-cache-2
a77a,0,dx,dx-hunan-changsha-13-cache-2
a77a,0,dx,dx-neimenggu-huhehaote-9-cache-1
a77a,0,dx,dx-jiangsu-taizhou-16-cache-2
a77a,0,dx,dx-tianjin-tianjin-26-cache-1
a77a,0,dx,dx-jiangsu-lianyungang-5-cache-1
a77a,0,dx,dx-guizhou-guiyang-10-cache-2
a77a,0,dx,dx-guangdong-foshan-22-cache-2
a77a,0,dx,dx-sichuan-yibin-3-cache-2
a77a,0,dx,dx-anhui-hefei-1-cache-1
a77a,0,dx,dx-gansu-lanzhou-24-cache-1
a77a,0,dx,dx-chongqing-chongqing-51-cache-1
a77a,0,dx,dx-tianjin-tianjin-15-cache-2
a77a,0,dx,dx-jiangsu-yancheng-24-cache-2
a77a,1,dx,dx-gansu-lanzhou-24-cache-1
57b5,0,dx,dx-shandong-qingdao-9-cache-11
57b5,0,dx,dx-jiangsu-lianyungang-5-cache-2
57b5,0,dx,dx-jiangsu-yancheng-28-cache-1
57b5,0,dx,dx-zhejiang-jiaxing-11-cache-4
57b5,0,dx,dx-shandong-qingdao-9-cache-3
57b5,0,dx,dx-qinghai-xining-9-cache-2
57b5,0,dx,dx-jiangsu-yancheng-28-cache-2
57b5,0,dx,dx-guizhou-guiyang-15-cache-2
57b5,0,dx,dx-hunan-changsha-13-cache-2
57b5,0,dx,dx-neimenggu-huhehaote-9-cache-1
57b5,0,dx,dx-hunan-changsha-13-cache-3
57b5,0,dx,dx-yunnan-kunming-12-cache-4
57b5,0,dx,dx-tianjin-tianjin-26-cache-1
57b5,0,dx,dx-jiangsu-lianyungang-5-cache-1
57b5,0,dx,dx-guangdong-foshan-22-cache-2
57b5,0,dx,dx-shandong-qingdao-9-cache-2
57b5,0,dx,dx-tianjin-tianjin-15-cache-2
57b5,0,dx,dx-guangxi-nanning-15-cache-1
57b5,0,dx,dx-zhejiang-jiaxing-11-cache-2
57b5,1,dx,dx-yunnan-kunming-12-cache-4
d33c,1,dx,dx-jiangsu-lianyungang-5-cache-2
d33c,1,dx,dx-jiangsu-yancheng-28-cache-1
d33c,1,dx,dx-hunan-xiangxizizhizhou-1-cache-2
d33c,1,dx,dx-qinghai-xining-9-cache-1
d33c,1,dx,dx-zhejiang-jiaxing-10-cache-3
d33c,1,dx,dx-qinghai-xining-9-cache-2
d33c,1,dx,dx-zhejiang-jiaxing-10-cache-5
d33c,1,dx,dx-jiangsu-lianyungang-5-cache-7
d33c,0,dx,dx-jiangsu-lianyungang-5-cache-2
d33c,0,dx,dx-jiangsu-yancheng-24-cache-2
d33c,0,dx,dx-jiangsu-yancheng-28-cache-1
d33c,0,dx,dx-tianjin-tianjin-26-cache-1
d33c,0,dx,dx-hunan-xiangxizizhizhou-1-cache-3
d33c,0,dx,dx-hunan-changsha-13-cache-2
d33c,0,dx,dx-zhejiang-jiaxing-10-cache-3
d33c,0,dx,dx-qinghai-xining-9-cache-2
d33c,0,dx,dx-chongqing-chongqing-51-cache-1
d33c,0,dx,dx-zhejiang-jiaxing-10-cache-5
d33c,0,dx,dx-qinghai-haidong-1-cache-1
d33c,0,dx,dx-jiangsu-lianyungang-5-cache-7
6aee,0,dx,dx-hubei-xiangyang-12-cache-1
6aee,0,dx,dx-yunnan-kunming-12-cache-1
6aee,0,dx,dx-qinghai-haidong-1-cache-2
6aee,0,dx,dx-guizhou-guiyang-10-cache-6
6aee,0,dx,dx-sichuan-yibin-3-cache-1
6aee,0,dx,dx-jiangsu-lianyungang-5-cache-6
6aee,0,dx,dx-hubei-xiangyang-13-cache-2
6aee,0,dx,dx-zhejiang-jiaxing-11-cache-1
6aee,0,dx,dx-shandong-qingdao-9-cache-1
6aee,0,dx,dx-shandong-qingdao-9-cache-3
6aee,0,dx,dx-qinghai-xining-9-cache-2
6aee,0,dx,dx-hunan-xiangxizizhizhou-1-cache-1
6aee,0,dx,dx-tianjin-tianjin-15-cache-1
6aee,0,dx,dx-neimenggu-huhehaote-9-cache-2
6aee,0,dx,dx-qinghai-xining-9-cache-1
6aee,0,dx,dx-guizhou-guiyang-15-cache-2
6aee,0,dx,dx-hunan-changsha-13-cache-2
6aee,0,dx,dx-yunnan-kunming-12-cache-4
6aee,0,dx,dx-guangdong-foshan-22-cache-2
6aee,0,dx,dx-anhui-hefei-1-cache-1
6aee,0,dx,dx-guangdong-foshan-20-cache-2
6aee,0,dx,dx-qinghai-haidong-1-cache-1
6aee,0,dx,dx-tianjin-tianjin-15-cache-2
6aee,0,dx,dx-jiangsu-yancheng-24-cache-2
6aee,1,dx,dx-hubei-xiangyang-12-cache-1
6aee,1,dx,dx-yunnan-kunming-12-cache-2
6aee,1,dx,dx-hunan-xiangxizizhizhou-1-cache-2
6aee,1,dx,dx-sichuan-yibin-3-cache-1
6aee,1,dx,dx-yunnan-kunming-12-cache-3
6aee,1,dx,dx-zhejiang-jiaxing-11-cache-1
6aee,1,dx,dx-qinghai-xining-9-cache-2
6aee,1,dx,dx-hunan-xiangxizizhizhou-1-cache-1
6aee,1,dx,dx-tianjin-tianjin-15-cache-1
6aee,1,dx,dx-qinghai-xining-9-cache-1
6aee,1,dx,dx-guizhou-guiyang-15-cache-2
6aee,1,dx,dx-hunan-xiangxizizhizhou-1-cache-3
6aee,1,dx,dx-hunan-changsha-13-cache-2
6aee,1,dx,dx-neimenggu-huhehaote-9-cache-1
6aee,1,dx,dx-yunnan-kunming-12-cache-4
6aee,1,dx,dx-tianjin-tianjin-26-cache-1
6aee,1,dx,dx-jiangsu-lianyungang-5-cache-1
6aee,1,dx,dx-sichuan-yibin-3-cache-2
6aee,1,dx,dx-guangdong-foshan-20-cache-2
6aee,1,dx,dx-tianjin-tianjin-15-cache-2
6aee,1,dx,dx-jiangsu-yancheng-24-cache-2
98f0,0,dx,dx-hubei-xiangyang-12-cache-1
98f0,0,dx,dx-guizhou-guiyang-15-cache-1
98f0,0,dx,dx-yunnan-kunming-12-cache-2
98f0,0,dx,dx-yunnan-kunming-12-cache-1
98f0,0,dx,dx-hubei-xiangyang-13-cache-2
98f0,0,dx,dx-guangdong-foshan-22-cache-1
98f0,0,dx,dx-zhejiang-jiaxing-10-cache-3
98f0,0,dx,dx-qinghai-xining-9-cache-2
98f0,0,dx,dx-tianjin-tianjin-15-cache-1
98f0,0,dx,dx-hubei-shiyan-5-cache-1
98f0,0,dx,dx-guizhou-guiyang-15-cache-2
98f0,0,dx,dx-hubei-xiangyang-13-cache-3
98f0,0,dx,dx-neimenggu-huhehaote-9-cache-1
98f0,0,dx,dx-shandong-qingdao-9-cache-9
98f0,0,dx,dx-zhejiang-jiaxing-10-cache-1
98f0,0,dx,dx-jiangsu-lianyungang-5-cache-7
98f0,0,dx,dx-yunnan-kunming-12-cache-4
98f0,0,dx,dx-tianjin-tianjin-26-cache-1
98f0,0,dx,dx-sichuan-yibin-3-cache-2
98f0,0,dx,dx-chongqing-chongqing-51-cache-1
98f0,0,dx,dx-guangdong-foshan-20-cache-2
98f0,1,dx,dx-yunnan-kunming-12-cache-2
98f0,1,dx,dx-guizhou-guiyang-15-cache-1
98f0,1,dx,dx-hubei-xiangyang-13-cache-2
98f0,1,dx,dx-hubei-shiyan-5-cache-1
98f0,1,dx,dx-tianjin-tianjin-26-cache-1
98f0,1,dx,dx-qinghai-haidong-1-cache-2
98f0,1,dx,dx-guizhou-guiyang-15-cache-2
98f0,1,dx,dx-sichuan-yibin-3-cache-1
98f0,1,dx,dx-chongqing-chongqing-51-cache-1
98f0,1,dx,dx-guangdong-foshan-20-cache-2
98f0,1,dx,dx-qinghai-haidong-1-cache-1
98f0,1,dx,dx-shandong-qingdao-9-cache-2
98f0,1,dx,dx-yunnan-kunming-12-cache-3
98f0,1,dx,dx-jiangsu-lianyungang-5-cache-5
98f0,1,dx,dx-zhejiang-jiaxing-10-cache-1
98f0,1,dx,dx-yunnan-kunming-12-cache-4
e81a,0,dx,dx-jiangsu-lianyungang-5-cache-4
e81a,0,dx,dx-yunnan-kunming-12-cache-2
e81a,0,dx,dx-guangdong-foshan-20-cache-3
e81a,0,dx,dx-hunan-xiangxizizhizhou-1-cache-2
e81a,0,dx,dx-jiangsu-yancheng-24-cache-1
e81a,0,dx,dx-sichuan-yibin-3-cache-1
e81a,0,dx,dx-jiangsu-lianyungang-5-cache-6
e81a,0,dx,dx-hubei-xiangyang-13-cache-2
e81a,0,dx,dx-guangdong-foshan-22-cache-1
e81a,0,dx,dx-shandong-qingdao-9-cache-1
e81a,0,dx,dx-guizhou-guiyang-10-cache-5
e81a,0,dx,dx-qinghai-xining-9-cache-2
e81a,0,dx,dx-hunan-xiangxizizhizhou-1-cache-1
e81a,0,dx,dx-tianjin-tianjin-15-cache-1
e81a,0,dx,dx-qinghai-xining-9-cache-1
e81a,0,dx,dx-neimenggu-huhehaote-9-cache-1
e81a,0,dx,dx-zhejiang-jiaxing-10-cache-1
e81a,0,dx,dx-jiangsu-taizhou-16-cache-2
e81a,0,dx,dx-tianjin-tianjin-26-cache-1
e81a,0,dx,dx-jiangsu-lianyungang-5-cache-1
e81a,0,dx,dx-guangdong-foshan-22-cache-2
e81a,0,dx,dx-anhui-hefei-1-cache-1
e81a,0,dx,dx-zhejiang-jiaxing-10-cache-2
e81a,0,dx,dx-qinghai-haidong-1-cache-1
e81a,0,dx,dx-zhejiang-jiaxing-11-cache-2
